-- MySQL Script generated by MySQL Workbench
-- 09/23/15 11:55:27
-- Model: New Model    Version: 1.0
-- MySQL Workbench Forward Engineering

SET @OLD_UNIQUE_CHECKS=@@UNIQUE_CHECKS, UNIQUE_CHECKS=0;
SET @OLD_FOREIGN_KEY_CHECKS=@@FOREIGN_KEY_CHECKS, FOREIGN_KEY_CHECKS=0;
SET @OLD_SQL_MODE=@@SQL_MODE, SQL_MODE='TRADITIONAL,ALLOW_INVALID_DATES';

-- -----------------------------------------------------
-- Schema mydb
-- -----------------------------------------------------
DROP SCHEMA IF EXISTS `database` ;

-- -----------------------------------------------------
-- Schema mydb
-- -----------------------------------------------------
CREATE SCHEMA IF NOT EXISTS `database` DEFAULT CHARACTER SET utf8 COLLATE utf8_general_ci ;
USE `database` ;

-- -----------------------------------------------------
-- Table `mydb`.`Product`
-- -----------------------------------------------------
DROP TABLE IF EXISTS `database`.`Product` ;

CREATE TABLE IF NOT EXISTS `database`.`Product` (
  `productid` INT NOT NULL COMMENT '',
  `productname` VARCHAR(45) NOT NULL COMMENT '',
  `price` DECIMAL(7,2) NULL COMMENT '',
  PRIMARY KEY (`productid`)  COMMENT '')
ENGINE = InnoDB;


-- -----------------------------------------------------
-- Table `mydb`.`Employee`
-- -----------------------------------------------------
DROP TABLE IF EXISTS `database`.`Employee` ;

CREATE TABLE IF NOT EXISTS `database`.`Employee` (
  `employeeid` INT NOT NULL COMMENT '',
  `employeename` VARCHAR(45) NOT NULL COMMENT '',
  `job` VARCHAR(45) NOT NULL COMMENT '',
  `employeephone` INT NULL COMMENT '',
  `employeeaddress` VARCHAR(45) NULL COMMENT '',
  `employeeusername` VARCHAR(45) NOT NULL COMMENT '',
  `employeepassword` VARCHAR(45) NOT NULL COMMENT '',
  PRIMARY KEY (`employeeid`)  COMMENT '')
ENGINE = InnoDB;


-- -----------------------------------------------------
-- Table `mydb`.`Order`
-- -----------------------------------------------------
DROP TABLE IF EXISTS `database`.`Order` ;

CREATE TABLE IF NOT EXISTS `database`.`Order` (
  `orderid` INT NOT NULL COMMENT '',
  `orderdate` DATE NOT NULL COMMENT '',
  `ordertotal` DECIMAL(7,2) NOT NULL COMMENT '',
  `Employee_employeeid` INT NOT NULL COMMENT '',
  `order_type` VARCHAR(45) NOT NULL COMMENT '',
  PRIMARY KEY (`orderid`, `Employee_employeeid`)  COMMENT '',
  CONSTRAINT `fk_Order_Employee1`
    FOREIGN KEY (`Employee_employeeid`)
    REFERENCES `database`.`Employee` (`employeeid`)
    ON DELETE NO ACTION
    ON UPDATE NO ACTION)
ENGINE = InnoDB;


-- -----------------------------------------------------
-- Table `mydb`.`OrderProduct`
-- -----------------------------------------------------
DROP TABLE IF EXISTS `database`.`OrderProduct` ;

CREATE TABLE IF NOT EXISTS `database`.`OrderProduct` (
  `orderproductid` INT NOT NULL COMMENT '',
  `Order_orderid` INT NOT NULL COMMENT '',
  `Product_productid` INT NOT NULL COMMENT '',
  `porusware` VARCHAR(45) NOT NULL COMMENT '',
  `quantity` INT NULL COMMENT '',
  PRIMARY KEY (`orderproductid`)  COMMENT '',
  CONSTRAINT `fk_OrderProduct_Product`
    FOREIGN KEY (`Product_productid`)
    REFERENCES `database`.`Product` (`productid`)
    ON DELETE NO ACTION
    ON UPDATE NO ACTION,
  CONSTRAINT `fk_OrderProduct_Order1`
    FOREIGN KEY (`Order_orderid`)
    REFERENCES `database`.`Order` (`orderid`)
    ON DELETE NO ACTION
    ON UPDATE NO ACTION)
ENGINE = InnoDB;


-- -----------------------------------------------------
-- Table `mydb`.`Inventory`
-- -----------------------------------------------------
DROP TABLE IF EXISTS `database`.`Inventory` ;

CREATE TABLE IF NOT EXISTS `database`.`Inventory` (
  `inventoryid` INT NOT NULL COMMENT '',
  `location` VARCHAR(45) NULL COMMENT '',
  `stocklevel` INT NULL COMMENT '',
  `Product_productid` INT NOT NULL COMMENT '',
  PRIMARY KEY (`inventoryid`, `Product_productid`)  COMMENT '',
  CONSTRAINT `fk_Inventory_Product1`
    FOREIGN KEY (`Product_productid`)
    REFERENCES `database`.`Product` (`productid`)
    ON DELETE NO ACTION
    ON UPDATE NO ACTION)
ENGINE = InnoDB;


SET SQL_MODE=@OLD_SQL_MODE;
SET FOREIGN_KEY_CHECKS=@OLD_FOREIGN_KEY_CHECKS;
SET UNIQUE_CHECKS=@OLD_UNIQUE_CHECKS;

-- -----------------------------------------------------
-- Data for table `mydb`.`Product`
-- -----------------------------------------------------
START TRANSACTION;
USE `database`;
INSERT INTO `database`.`Product` (`productid`, `productname`, `price`) VALUES (01, 'robognome', 5);
INSERT INTO `database`.`Product` (`productid`, `productname`, `price`) VALUES (02, 'biggnome', 5);
INSERT INTO `database`.`Product` (`productid`, `productname`, `price`) VALUES (03, 'littlegnome', 5);
INSERT INTO `database`.`Product` (`productid`, `productname`, `price`) VALUES (04, 'bustagnome', 5);

COMMIT;


-- -----------------------------------------------------
-- Data for table `mydb`.`Employee`
-- -----------------------------------------------------
START TRANSACTION;
USE `database`;
INSERT INTO `database`.`Employee` (`employeeid`, `employeename`, `job`, `employeephone`, `employeeaddress`, `employeeusername`, `employeepassword`) VALUES (01, 'Ben Back', 'WHO', 012018928, '03 barrack street', 'buser', 'password');
INSERT INTO `database`.`Employee` (`employeeid`, `employeename`, `job`, `employeephone`, `employeeaddress`, `employeeusername`, `employeepassword`) VALUES (02, 'CJ', 'WHO', 9291237, '19 grove street', 'cuser', 'password');
INSERT INTO `database`.`Employee` (`employeeid`, `employeename`, `job`, `employeephone`, `employeeaddress`, `employeeusername`, `employeepassword`) VALUES (03, 'Al Stock', 'Manager', 37892378, '21 main street', 'auser', 'password');

COMMIT;


-- -----------------------------------------------------
-- Data for table `mydb`.`Order`
-- -----------------------------------------------------
START TRANSACTION;
USE `database`;
INSERT INTO `database`.`Order` (`orderid`, `orderdate`, `ordertotal`, `Employee_employeeid`, `order_type`) VALUES (01, '23/09/15', 10, 01, 'customer');
INSERT INTO `database`.`Order` (`orderid`, `orderdate`, `ordertotal`, `Employee_employeeid`, `order_type`) VALUES (02, '23/09/15', 10, 01, 'customer');
INSERT INTO `database`.`Order` (`orderid`, `orderdate`, `ordertotal`, `Employee_employeeid`, `order_type`) VALUES (03, '23/09/15', 10, 02, 'stock');
INSERT INTO `database`.`Order` (`orderid`, `orderdate`, `ordertotal`, `Employee_employeeid`, `order_type`) VALUES (04, '23/09/15', 10, 03, 'stock');

COMMIT;


-- -----------------------------------------------------
-- Data for table `mydb`.`OrderProduct`
-- -----------------------------------------------------
START TRANSACTION;
USE `database`;
INSERT INTO `database`.`OrderProduct` (`orderproductid`, `Order_orderid`, `Product_productid`, `porusware`, `quantity`) VALUES (01, 01, 01, 'no', 1);
INSERT INTO `database`.`OrderProduct` (`orderproductid`, `Order_orderid`, `Product_productid`, `porusware`, `quantity`) VALUES (02, 01, 02, 'no', 1);
INSERT INTO `database`.`OrderProduct` (`orderproductid`, `Order_orderid`, `Product_productid`, `porusware`, `quantity`) VALUES (03, 02, 02, 'no', 2);
INSERT INTO `database`.`OrderProduct` (`orderproductid`, `Order_orderid`, `Product_productid`, `porusware`, `quantity`) VALUES (04, 03, 03, 'no', 2);
INSERT INTO `database`.`OrderProduct` (`orderproductid`, `Order_orderid`, `Product_productid`, `porusware`, `quantity`) VALUES (05, 04, 04, 'no', 1);
INSERT INTO `database`.`OrderProduct` (`orderproductid`, `Order_orderid`, `Product_productid`, `porusware`, `quantity`) VALUES (06, 04, 01, 'no', 1);

COMMIT;

